{"currentVersion":10.71,"name":"GeocacheHoydekurver_WM","copyrightText":"Kartverket, Geovekst, Kommuner, Corine og OSM - Geodata AS","capabilities":"TilesOnly","type":"indexedVector","tileMap":"tilemap","defaultStyles":"resources/styles","tiles":["tile/{z}/{y}/{x}.pbf"],"exportTilesAllowed":false,"initialExtent":{"xmin":500922.876400001347,"ymin":7958608.9952000007,"xmax":3469651.59169999883,"ymax":11466029.9245000035,"spatialReference":{"wkid":102100,"latestWkid":3857}},"fullExtent":{"xmin":500922.876400001347,"ymin":7958608.9952000007,"xmax":3469651.59169999883,"ymax":11466029.9245000035,"spatialReference":{"wkid":102100,"latestWkid":3857}},"minScale":591396864,"maxScale":2256,"tileInfo":{"rows":512,"cols":512,"dpi":96,"format":"pbf","origin":{"x":-20037508.3427870013,"y":20037508.3427870013},"spatialReference":{"wkid":102100,"latestWkid":3857},"lods":[{"level":0,"resolution":156543.033928000135,"scale":591396864},{"level":1,"resolution":78271.5169639999367,"scale":295698432},{"level":2,"resolution":39135.758482000092,"scale":147849216},{"level":3,"resolution":19567.8792409999187,"scale":73924608},{"level":4,"resolution":9783.93962049995935,"scale":36962304},{"level":5,"resolution":4891.96981024997967,"scale":18481152},{"level":6,"resolution":2445.98490512498984,"scale":9240576},{"level":7,"resolution":1222.99245256249492,"scale":4620288},{"level":8,"resolution":611.496226281379677,"scale":2310144},{"level":9,"resolution":305.748113140557564,"scale":1155072},{"level":10,"resolution":152.874056570411057,"scale":577536},{"level":11,"resolution":76.4370282850732394,"scale":288768},{"level":12,"resolution":38.21851414253662,"scale":144384},{"level":13,"resolution":19.10925707126831,"scale":72192},{"level":14,"resolution":9.55462853563415493,"scale":36096},{"level":15,"resolution":4.77731426794936986,"scale":18048},{"level":16,"resolution":2.38865713397468493,"scale":9024},{"level":17,"resolution":1.19432856685505029,"scale":4512},{"level":18,"resolution":0.59716428355981721,"scale":2256}]},"maxzoom":18,"minLOD":0,"maxLOD":16,"resourceInfo":{"styleVersion":8,"cacheInfo":{"storageInfo":{"packetSize":128,"storageFormat":"esriMapCacheStorageModeExploded"}},"tileCompression":"none"}}