{"Areal/Nserie/Myr":{"x":0,"y":0,"width":60,"height":60,"pixelRatio":1,"sdf":false},"Bygg og anlegg/Nserie punkt/Vindkraftverk":{"x":60,"y":0,"width":14,"height":28,"pixelRatio":1,"sdf":false},"Samferdsel/Punkt/T-bane":{"x":74,"y":0,"width":22,"height":22,"pixelRatio":1,"sdf":false},"Samferdsel/Punkt/Tog":{"x":96,"y":0,"width":20,"height":20,"pixelRatio":1,"sdf":false},"Samferdsel/Punkt/Buss":{"x":116,"y":0,"width":20,"height":20,"pixelRatio":1,"sdf":false},"Samferdsel/Punkt/Ferge":{"x":136,"y":0,"width":20,"height":20,"pixelRatio":1,"sdf":false},"Samferdsel/Punkt/Bom":{"x":156,"y":0,"width":20,"height":20,"pixelRatio":1,"sdf":false},"Areal/Punkt/Lufthavn":{"x":176,"y":0,"width":18,"height":18,"pixelRatio":1,"sdf":false},"Samferdsel/Nserie/Tunnel/Vegnummer Riksveg/1":{"x":194,"y":0,"width":16,"height":18,"pixelRatio":1,"sdf":false},"Samferdsel/Nserie/Tunnel/Vegnummer Europaveg/1":{"x":194,"y":0,"width":16,"height":18,"pixelRatio":1,"sdf":false},"Samferdsel/Nserie/Bru/Vegnummer Europaveg/1":{"x":194,"y":0,"width":16,"height":18,"pixelRatio":1,"sdf":false},"Samferdsel/Nserie/Bru/Vegnummer Riksveg/1":{"x":194,"y":0,"width":16,"height":18,"pixelRatio":1,"sdf":false},"Samferdsel/Nserie/Vegnummer Europaveg/1":{"x":194,"y":0,"width":16,"height":18,"pixelRatio":1,"sdf":false},"Samferdsel/Nserie/Vegnummer Riksveg/1":{"x":194,"y":0,"width":16,"height":18,"pixelRatio":1,"sdf":false},"Samferdsel/Nserie/Vegnummer Fylkesveg/1":{"x":210,"y":0,"width":16,"height":18,"pixelRatio":1,"sdf":false},"Samferdsel/Nserie/Tunnel/Vegnummer Fylkesveg/1":{"x":210,"y":0,"width":16,"height":18,"pixelRatio":1,"sdf":false},"Samferdsel/Nserie/Bru/Vegnummer Fylkesveg/1":{"x":210,"y":0,"width":16,"height":18,"pixelRatio":1,"sdf":false},"Samferdsel/Nserie/Bru/Vegnummer Riksveg/7":{"x":226,"y":0,"width":40,"height":18,"pixelRatio":1,"sdf":false},"Samferdsel/Nserie/Tunnel/Vegnummer Europaveg/7":{"x":226,"y":0,"width":40,"height":18,"pixelRatio":1,"sdf":false},"Samferdsel/Nserie/Bru/Vegnummer Europaveg/7":{"x":226,"y":0,"width":40,"height":18,"pixelRatio":1,"sdf":false},"Samferdsel/Nserie/Tunnel/Vegnummer Riksveg/7":{"x":226,"y":0,"width":40,"height":18,"pixelRatio":1,"sdf":false},"Samferdsel/Nserie/Vegnummer Riksveg/7":{"x":226,"y":0,"width":40,"height":18,"pixelRatio":1,"sdf":false},"Samferdsel/Nserie/Vegnummer Europaveg/7":{"x":226,"y":0,"width":40,"height":18,"pixelRatio":1,"sdf":false},"Samferdsel/Nserie/Vegnummer Fylkesveg/7":{"x":0,"y":60,"width":40,"height":18,"pixelRatio":1,"sdf":false},"Samferdsel/Nserie/Tunnel/Vegnummer Fylkesveg/7":{"x":0,"y":60,"width":40,"height":18,"pixelRatio":1,"sdf":false},"Samferdsel/Nserie/Bru/Vegnummer Fylkesveg/7":{"x":0,"y":60,"width":40,"height":18,"pixelRatio":1,"sdf":false},"Samferdsel/Nserie/Tunnel/Vegnummer Europaveg/6":{"x":40,"y":60,"width":36,"height":18,"pixelRatio":1,"sdf":false},"Samferdsel/Nserie/Bru/Vegnummer Riksveg/6":{"x":40,"y":60,"width":36,"height":18,"pixelRatio":1,"sdf":false},"Samferdsel/Nserie/Tunnel/Vegnummer Riksveg/6":{"x":40,"y":60,"width":36,"height":18,"pixelRatio":1,"sdf":false},"Samferdsel/Nserie/Vegnummer Riksveg/6":{"x":40,"y":60,"width":36,"height":18,"pixelRatio":1,"sdf":false},"Samferdsel/Nserie/Bru/Vegnummer Europaveg/6":{"x":40,"y":60,"width":36,"height":18,"pixelRatio":1,"sdf":false},"Samferdsel/Nserie/Vegnummer Europaveg/6":{"x":40,"y":60,"width":36,"height":18,"pixelRatio":1,"sdf":false},"Samferdsel/Nserie/Bru/Vegnummer Fylkesveg/6":{"x":76,"y":60,"width":36,"height":18,"pixelRatio":1,"sdf":false},"Samferdsel/Nserie/Tunnel/Vegnummer Fylkesveg/6":{"x":76,"y":60,"width":36,"height":18,"pixelRatio":1,"sdf":false},"Samferdsel/Nserie/Vegnummer Fylkesveg/6":{"x":76,"y":60,"width":36,"height":18,"pixelRatio":1,"sdf":false},"Samferdsel/Nserie/Tunnel/Vegnummer Europaveg/5":{"x":112,"y":60,"width":32,"height":18,"pixelRatio":1,"sdf":false},"Samferdsel/Nserie/Bru/Vegnummer Riksveg/5":{"x":112,"y":60,"width":32,"height":18,"pixelRatio":1,"sdf":false},"Samferdsel/Nserie/Bru/Vegnummer Europaveg/5":{"x":112,"y":60,"width":32,"height":18,"pixelRatio":1,"sdf":false},"Samferdsel/Nserie/Tunnel/Vegnummer Riksveg/5":{"x":112,"y":60,"width":32,"height":18,"pixelRatio":1,"sdf":false},"Samferdsel/Nserie/Vegnummer Riksveg/5":{"x":112,"y":60,"width":32,"height":18,"pixelRatio":1,"sdf":false},"Samferdsel/Nserie/Vegnummer Europaveg/5":{"x":112,"y":60,"width":32,"height":18,"pixelRatio":1,"sdf":false},"Samferdsel/Nserie/Bru/Vegnummer Fylkesveg/5":{"x":144,"y":60,"width":32,"height":18,"pixelRatio":1,"sdf":false},"Samferdsel/Nserie/Tunnel/Vegnummer Fylkesveg/5":{"x":144,"y":60,"width":32,"height":18,"pixelRatio":1,"sdf":false},"Samferdsel/Nserie/Vegnummer Fylkesveg/5":{"x":144,"y":60,"width":32,"height":18,"pixelRatio":1,"sdf":false},"Samferdsel/Nserie/Tunnel/Vegnummer Europaveg/4":{"x":176,"y":60,"width":28,"height":18,"pixelRatio":1,"sdf":false},"Samferdsel/Nserie/Bru/Vegnummer Riksveg/4":{"x":176,"y":60,"width":28,"height":18,"pixelRatio":1,"sdf":false},"Samferdsel/Nserie/Vegnummer Riksveg/4":{"x":176,"y":60,"width":28,"height":18,"pixelRatio":1,"sdf":false},"Samferdsel/Nserie/Tunnel/Vegnummer Riksveg/4":{"x":176,"y":60,"width":28,"height":18,"pixelRatio":1,"sdf":false},"Samferdsel/Nserie/Bru/Vegnummer Europaveg/4":{"x":176,"y":60,"width":28,"height":18,"pixelRatio":1,"sdf":false},"Samferdsel/Nserie/Vegnummer Europaveg/4":{"x":176,"y":60,"width":28,"height":18,"pixelRatio":1,"sdf":false},"Samferdsel/Nserie/Bru/Vegnummer Fylkesveg/4":{"x":204,"y":60,"width":28,"height":18,"pixelRatio":1,"sdf":false},"Samferdsel/Nserie/Vegnummer Fylkesveg/4":{"x":204,"y":60,"width":28,"height":18,"pixelRatio":1,"sdf":false},"Samferdsel/Nserie/Tunnel/Vegnummer Fylkesveg/4":{"x":204,"y":60,"width":28,"height":18,"pixelRatio":1,"sdf":false},"Samferdsel/Nserie/Tunnel/Vegnummer Europaveg/3":{"x":232,"y":60,"width":24,"height":18,"pixelRatio":1,"sdf":false},"Samferdsel/Nserie/Bru/Vegnummer Europaveg/3":{"x":232,"y":60,"width":24,"height":18,"pixelRatio":1,"sdf":false},"Samferdsel/Nserie/Bru/Vegnummer Riksveg/3":{"x":232,"y":60,"width":24,"height":18,"pixelRatio":1,"sdf":false},"Samferdsel/Nserie/Vegnummer Europaveg/3":{"x":232,"y":60,"width":24,"height":18,"pixelRatio":1,"sdf":false},"Samferdsel/Nserie/Vegnummer Riksveg/3":{"x":232,"y":60,"width":24,"height":18,"pixelRatio":1,"sdf":false},"Samferdsel/Nserie/Tunnel/Vegnummer Riksveg/3":{"x":232,"y":60,"width":24,"height":18,"pixelRatio":1,"sdf":false},"Samferdsel/Nserie/Bru/Vegnummer Fylkesveg/3":{"x":0,"y":78,"width":24,"height":18,"pixelRatio":1,"sdf":false},"Samferdsel/Nserie/Vegnummer Fylkesveg/3":{"x":0,"y":78,"width":24,"height":18,"pixelRatio":1,"sdf":false},"Samferdsel/Nserie/Tunnel/Vegnummer Fylkesveg/3":{"x":0,"y":78,"width":24,"height":18,"pixelRatio":1,"sdf":false},"Samferdsel/Nserie/Vegnummer Riksveg/2":{"x":24,"y":78,"width":20,"height":18,"pixelRatio":1,"sdf":false},"Samferdsel/Nserie/Bru/Vegnummer Europaveg/2":{"x":24,"y":78,"width":20,"height":18,"pixelRatio":1,"sdf":false},"Samferdsel/Nserie/Bru/Vegnummer Riksveg/2":{"x":24,"y":78,"width":20,"height":18,"pixelRatio":1,"sdf":false},"Samferdsel/Nserie/Vegnummer Europaveg/2":{"x":24,"y":78,"width":20,"height":18,"pixelRatio":1,"sdf":false},"Samferdsel/Nserie/Tunnel/Vegnummer Europaveg/2":{"x":24,"y":78,"width":20,"height":18,"pixelRatio":1,"sdf":false},"Samferdsel/Nserie/Tunnel/Vegnummer Riksveg/2":{"x":24,"y":78,"width":20,"height":18,"pixelRatio":1,"sdf":false},"Samferdsel/Nserie/Bru/Vegnummer Fylkesveg/2":{"x":44,"y":78,"width":20,"height":18,"pixelRatio":1,"sdf":false},"Samferdsel/Nserie/Vegnummer Fylkesveg/2":{"x":44,"y":78,"width":20,"height":18,"pixelRatio":1,"sdf":false},"Samferdsel/Nserie/Tunnel/Vegnummer Fylkesveg/2":{"x":44,"y":78,"width":20,"height":18,"pixelRatio":1,"sdf":false},"Bygg og anlegg/Nserie punkt/Fyr":{"x":64,"y":78,"width":18,"height":18,"pixelRatio":1,"sdf":false},"Areal/Punkt/Helikopterplass":{"x":82,"y":78,"width":16,"height":16,"pixelRatio":1,"sdf":false},"Bygg og anlegg/Nserie punkt/Kraftstasjon":{"x":98,"y":78,"width":14,"height":14,"pixelRatio":1,"sdf":false},"Bygg og anlegg/Nserie punkt/Kirke":{"x":112,"y":78,"width":14,"height":14,"pixelRatio":1,"sdf":false},"Areal/Punkt/Steinbrudd":{"x":126,"y":78,"width":16,"height":14,"pixelRatio":1,"sdf":false},"Bygg og anlegg/Nserie punkt/Gruve":{"x":142,"y":78,"width":14,"height":14,"pixelRatio":1,"sdf":false},"Bygg og anlegg/Nserie punkt/Campingplass":{"x":156,"y":78,"width":20,"height":14,"pixelRatio":1,"sdf":false},"Areal/Punkt/Flyplass":{"x":176,"y":78,"width":14,"height":14,"pixelRatio":1,"sdf":false},"Bygg og anlegg/Nserie punkt/Tårn":{"x":190,"y":78,"width":14,"height":14,"pixelRatio":1,"sdf":false},"Bygg og anlegg/Nserie punkt/Telemast":{"x":204,"y":78,"width":14,"height":14,"pixelRatio":1,"sdf":false},"Bygg og anlegg/Nserie punkt/Monument":{"x":218,"y":78,"width":10,"height":12,"pixelRatio":1,"sdf":false},"Areal/Punkt/Skjær":{"x":228,"y":78,"width":12,"height":12,"pixelRatio":1,"sdf":false},"Bygg og anlegg/Nserie linje/Steingjerde":{"x":0,"y":96,"width":10,"height":10,"pixelRatio":1,"sdf":false},"Navn/Byer/250 - 500 000":{"x":10,"y":96,"width":10,"height":10,"pixelRatio":1,"sdf":false},"Bygg og anlegg/FKB linje/Steingjerde":{"x":20,"y":96,"width":10,"height":10,"pixelRatio":1,"sdf":false},"Navn/Byer/100 - 250 000":{"x":30,"y":96,"width":10,"height":10,"pixelRatio":1,"sdf":false},"Areal/Punkt/Industriområde":{"x":40,"y":96,"width":12,"height":10,"pixelRatio":1,"sdf":false},"Bygg og anlegg/Nserie punkt/Naust":{"x":52,"y":96,"width":10,"height":10,"pixelRatio":1,"sdf":false},"Bygg og anlegg/Nserie punkt/Gård":{"x":62,"y":96,"width":8,"height":8,"pixelRatio":1,"sdf":false},"Navn/Byer/50 - 100 000":{"x":70,"y":96,"width":8,"height":8,"pixelRatio":1,"sdf":false},"Bygg og anlegg/Nserie punkt/Spesiell detalj":{"x":78,"y":96,"width":6,"height":6,"pixelRatio":1,"sdf":false},"Bygg og anlegg/Nserie punkt/Veksthus":{"x":84,"y":96,"width":6,"height":6,"pixelRatio":1,"sdf":false},"Bygg og anlegg/Nserie punkt/Hotell | Hytte":{"x":90,"y":96,"width":6,"height":6,"pixelRatio":1,"sdf":false},"Navn/Byer/0 - 50 000":{"x":96,"y":96,"width":6,"height":6,"pixelRatio":1,"sdf":false},"Bygg og anlegg/Nserie punkt/Parkeringsområde":{"x":102,"y":96,"width":6,"height":6,"pixelRatio":1,"sdf":false},"Bygg og anlegg/Nserie punkt/Navigasjonsinstallasjon":{"x":108,"y":96,"width":6,"height":6,"pixelRatio":1,"sdf":false},"Bygg og anlegg/Nserie punkt/Diverse bygg":{"x":114,"y":96,"width":6,"height":6,"pixelRatio":1,"sdf":false},"Bygg og anlegg/Ledning punkt/<all other values>":{"x":120,"y":96,"width":6,"height":6,"pixelRatio":1,"sdf":false},"Bygg og anlegg/VA punkt/<all other values>":{"x":126,"y":96,"width":6,"height":6,"pixelRatio":1,"sdf":false},"Bygg og anlegg/FKB punkt/<all other values>":{"x":132,"y":96,"width":6,"height":6,"pixelRatio":1,"sdf":false},"Areal/FKB/Torvtak/1":{"x":138,"y":96,"width":6,"height":4,"pixelRatio":1,"sdf":false},"Areal/FKB/Steinbrudd/1":{"x":144,"y":96,"width":6,"height":4,"pixelRatio":1,"sdf":false},"Navn/Høydepunkt/Bre":{"x":150,"y":96,"width":4,"height":4,"pixelRatio":1,"sdf":false},"Areal/FKB/Grustak/1":{"x":154,"y":96,"width":6,"height":4,"pixelRatio":1,"sdf":false},"Areal/FKB/Leirtak/1":{"x":160,"y":96,"width":6,"height":4,"pixelRatio":1,"sdf":false},"Navn/Høydepunkt/Terreng":{"x":166,"y":96,"width":4,"height":4,"pixelRatio":1,"sdf":false},"Bygg og anlegg/Nserie linje/Reingjerde/0":{"x":170,"y":96,"width":8,"height":4,"pixelRatio":1,"sdf":false},"Areal/Nserie/Steinbrudd/1":{"x":178,"y":96,"width":6,"height":4,"pixelRatio":1,"sdf":false},"Areal/FKB/Steintipp/0":{"x":184,"y":96,"width":3,"height":3,"pixelRatio":1,"sdf":false},"Areal/Nserie/Steintipp/0":{"x":187,"y":96,"width":3,"height":3,"pixelRatio":1,"sdf":false}}