{"Hoydekurver/10m/Forsenkningskurve bre/1":{"x":0,"y":0,"width":4,"height":4,"pixelRatio":1,"sdf":false},"Hoydekurver/25m/Tellekurve forsenkning terreng/1":{"x":4,"y":0,"width":4,"height":4,"pixelRatio":1,"sdf":false},"Hoydekurver/10m/Tellekurve forsenkning terreng/1":{"x":4,"y":0,"width":4,"height":4,"pixelRatio":1,"sdf":false},"Hoydekurver/25m/Forsenkningskurve terreng/1":{"x":8,"y":0,"width":4,"height":4,"pixelRatio":1,"sdf":false},"Hoydekurver/10m/Forsenkningskurve terreng/1":{"x":8,"y":0,"width":4,"height":4,"pixelRatio":1,"sdf":false},"Hoydekurver/25m/Tellekurve forsenkning bre/1":{"x":0,"y":4,"width":4,"height":4,"pixelRatio":1,"sdf":false},"Hoydekurver/10m/Tellekurve forsenkning bre/1":{"x":0,"y":4,"width":4,"height":4,"pixelRatio":1,"sdf":false},"Hoydekurver/25m/Forsenkningskurve bre/1":{"x":4,"y":4,"width":4,"height":4,"pixelRatio":1,"sdf":false},"Hoydekurver/1m/Forsenkningskurve terreng/1":{"x":8,"y":4,"width":4,"height":4,"pixelRatio":1,"sdf":false},"Hoydekurver/1m/Tellekurve forsenkning terreng/1":{"x":0,"y":8,"width":4,"height":4,"pixelRatio":1,"sdf":false},"Hoydekurver/5m/Forsenkningskurve terreng/1":{"x":4,"y":8,"width":4,"height":4,"pixelRatio":1,"sdf":false},"Hoydekurver/1m/Forsenkningskurve terreng/1":{"x":4,"y":8,"width":4,"height":4,"pixelRatio":1,"sdf":false},"Hoydekurver/1m/Tellekurve forsenkning bre/1":{"x":8,"y":8,"width":4,"height":4,"pixelRatio":1,"sdf":false}}