{"Areal/Nserie/Myr":{"x":0,"y":0,"width":120,"height":120,"pixelRatio":2,"sdf":false},"Bygg og anlegg/Nserie punkt/Vindkraftverk":{"x":120,"y":0,"width":32,"height":64,"pixelRatio":2,"sdf":false},"Samferdsel/Punkt/T-bane":{"x":152,"y":0,"width":44,"height":44,"pixelRatio":2,"sdf":false},"Samferdsel/Punkt/Tog":{"x":196,"y":0,"width":40,"height":40,"pixelRatio":2,"sdf":false},"Samferdsel/Punkt/Buss":{"x":236,"y":0,"width":40,"height":40,"pixelRatio":2,"sdf":false},"Samferdsel/Punkt/Ferge":{"x":276,"y":0,"width":40,"height":40,"pixelRatio":2,"sdf":false},"Samferdsel/Punkt/Bom":{"x":316,"y":0,"width":40,"height":40,"pixelRatio":2,"sdf":false},"Areal/Punkt/Lufthavn":{"x":356,"y":0,"width":36,"height":36,"pixelRatio":2,"sdf":false},"Samferdsel/Nserie/Tunnel/Vegnummer Riksveg/1":{"x":392,"y":0,"width":32,"height":36,"pixelRatio":2,"sdf":false},"Samferdsel/Nserie/Tunnel/Vegnummer Europaveg/1":{"x":392,"y":0,"width":32,"height":36,"pixelRatio":2,"sdf":false},"Samferdsel/Nserie/Bru/Vegnummer Europaveg/1":{"x":392,"y":0,"width":32,"height":36,"pixelRatio":2,"sdf":false},"Samferdsel/Nserie/Bru/Vegnummer Riksveg/1":{"x":392,"y":0,"width":32,"height":36,"pixelRatio":2,"sdf":false},"Samferdsel/Nserie/Vegnummer Europaveg/1":{"x":392,"y":0,"width":32,"height":36,"pixelRatio":2,"sdf":false},"Samferdsel/Nserie/Vegnummer Riksveg/1":{"x":392,"y":0,"width":32,"height":36,"pixelRatio":2,"sdf":false},"Samferdsel/Nserie/Vegnummer Fylkesveg/1":{"x":424,"y":0,"width":32,"height":36,"pixelRatio":2,"sdf":false},"Samferdsel/Nserie/Tunnel/Vegnummer Fylkesveg/1":{"x":424,"y":0,"width":32,"height":36,"pixelRatio":2,"sdf":false},"Samferdsel/Nserie/Bru/Vegnummer Fylkesveg/1":{"x":424,"y":0,"width":32,"height":36,"pixelRatio":2,"sdf":false},"Samferdsel/Nserie/Bru/Vegnummer Riksveg/7":{"x":456,"y":0,"width":80,"height":36,"pixelRatio":2,"sdf":false},"Samferdsel/Nserie/Tunnel/Vegnummer Europaveg/7":{"x":456,"y":0,"width":80,"height":36,"pixelRatio":2,"sdf":false},"Samferdsel/Nserie/Bru/Vegnummer Europaveg/7":{"x":456,"y":0,"width":80,"height":36,"pixelRatio":2,"sdf":false},"Samferdsel/Nserie/Tunnel/Vegnummer Riksveg/7":{"x":456,"y":0,"width":80,"height":36,"pixelRatio":2,"sdf":false},"Samferdsel/Nserie/Vegnummer Riksveg/7":{"x":456,"y":0,"width":80,"height":36,"pixelRatio":2,"sdf":false},"Samferdsel/Nserie/Vegnummer Europaveg/7":{"x":456,"y":0,"width":80,"height":36,"pixelRatio":2,"sdf":false},"Samferdsel/Nserie/Vegnummer Fylkesveg/7":{"x":0,"y":120,"width":80,"height":36,"pixelRatio":2,"sdf":false},"Samferdsel/Nserie/Tunnel/Vegnummer Fylkesveg/7":{"x":0,"y":120,"width":80,"height":36,"pixelRatio":2,"sdf":false},"Samferdsel/Nserie/Bru/Vegnummer Fylkesveg/7":{"x":0,"y":120,"width":80,"height":36,"pixelRatio":2,"sdf":false},"Samferdsel/Nserie/Tunnel/Vegnummer Europaveg/6":{"x":80,"y":120,"width":72,"height":36,"pixelRatio":2,"sdf":false},"Samferdsel/Nserie/Bru/Vegnummer Riksveg/6":{"x":80,"y":120,"width":72,"height":36,"pixelRatio":2,"sdf":false},"Samferdsel/Nserie/Tunnel/Vegnummer Riksveg/6":{"x":80,"y":120,"width":72,"height":36,"pixelRatio":2,"sdf":false},"Samferdsel/Nserie/Vegnummer Riksveg/6":{"x":80,"y":120,"width":72,"height":36,"pixelRatio":2,"sdf":false},"Samferdsel/Nserie/Bru/Vegnummer Europaveg/6":{"x":80,"y":120,"width":72,"height":36,"pixelRatio":2,"sdf":false},"Samferdsel/Nserie/Vegnummer Europaveg/6":{"x":80,"y":120,"width":72,"height":36,"pixelRatio":2,"sdf":false},"Samferdsel/Nserie/Bru/Vegnummer Fylkesveg/6":{"x":152,"y":120,"width":72,"height":36,"pixelRatio":2,"sdf":false},"Samferdsel/Nserie/Tunnel/Vegnummer Fylkesveg/6":{"x":152,"y":120,"width":72,"height":36,"pixelRatio":2,"sdf":false},"Samferdsel/Nserie/Vegnummer Fylkesveg/6":{"x":152,"y":120,"width":72,"height":36,"pixelRatio":2,"sdf":false},"Samferdsel/Nserie/Tunnel/Vegnummer Europaveg/5":{"x":224,"y":120,"width":64,"height":36,"pixelRatio":2,"sdf":false},"Samferdsel/Nserie/Bru/Vegnummer Riksveg/5":{"x":224,"y":120,"width":64,"height":36,"pixelRatio":2,"sdf":false},"Samferdsel/Nserie/Bru/Vegnummer Europaveg/5":{"x":224,"y":120,"width":64,"height":36,"pixelRatio":2,"sdf":false},"Samferdsel/Nserie/Tunnel/Vegnummer Riksveg/5":{"x":224,"y":120,"width":64,"height":36,"pixelRatio":2,"sdf":false},"Samferdsel/Nserie/Vegnummer Riksveg/5":{"x":224,"y":120,"width":64,"height":36,"pixelRatio":2,"sdf":false},"Samferdsel/Nserie/Vegnummer Europaveg/5":{"x":224,"y":120,"width":64,"height":36,"pixelRatio":2,"sdf":false},"Samferdsel/Nserie/Bru/Vegnummer Fylkesveg/5":{"x":288,"y":120,"width":64,"height":36,"pixelRatio":2,"sdf":false},"Samferdsel/Nserie/Tunnel/Vegnummer Fylkesveg/5":{"x":288,"y":120,"width":64,"height":36,"pixelRatio":2,"sdf":false},"Samferdsel/Nserie/Vegnummer Fylkesveg/5":{"x":288,"y":120,"width":64,"height":36,"pixelRatio":2,"sdf":false},"Samferdsel/Nserie/Tunnel/Vegnummer Europaveg/4":{"x":352,"y":120,"width":56,"height":36,"pixelRatio":2,"sdf":false},"Samferdsel/Nserie/Bru/Vegnummer Riksveg/4":{"x":352,"y":120,"width":56,"height":36,"pixelRatio":2,"sdf":false},"Samferdsel/Nserie/Vegnummer Riksveg/4":{"x":352,"y":120,"width":56,"height":36,"pixelRatio":2,"sdf":false},"Samferdsel/Nserie/Tunnel/Vegnummer Riksveg/4":{"x":352,"y":120,"width":56,"height":36,"pixelRatio":2,"sdf":false},"Samferdsel/Nserie/Bru/Vegnummer Europaveg/4":{"x":352,"y":120,"width":56,"height":36,"pixelRatio":2,"sdf":false},"Samferdsel/Nserie/Vegnummer Europaveg/4":{"x":352,"y":120,"width":56,"height":36,"pixelRatio":2,"sdf":false},"Samferdsel/Nserie/Bru/Vegnummer Fylkesveg/4":{"x":408,"y":120,"width":56,"height":36,"pixelRatio":2,"sdf":false},"Samferdsel/Nserie/Vegnummer Fylkesveg/4":{"x":408,"y":120,"width":56,"height":36,"pixelRatio":2,"sdf":false},"Samferdsel/Nserie/Tunnel/Vegnummer Fylkesveg/4":{"x":408,"y":120,"width":56,"height":36,"pixelRatio":2,"sdf":false},"Samferdsel/Nserie/Tunnel/Vegnummer Europaveg/3":{"x":464,"y":120,"width":48,"height":36,"pixelRatio":2,"sdf":false},"Samferdsel/Nserie/Bru/Vegnummer Europaveg/3":{"x":464,"y":120,"width":48,"height":36,"pixelRatio":2,"sdf":false},"Samferdsel/Nserie/Bru/Vegnummer Riksveg/3":{"x":464,"y":120,"width":48,"height":36,"pixelRatio":2,"sdf":false},"Samferdsel/Nserie/Vegnummer Europaveg/3":{"x":464,"y":120,"width":48,"height":36,"pixelRatio":2,"sdf":false},"Samferdsel/Nserie/Vegnummer Riksveg/3":{"x":464,"y":120,"width":48,"height":36,"pixelRatio":2,"sdf":false},"Samferdsel/Nserie/Tunnel/Vegnummer Riksveg/3":{"x":464,"y":120,"width":48,"height":36,"pixelRatio":2,"sdf":false},"Samferdsel/Nserie/Bru/Vegnummer Fylkesveg/3":{"x":0,"y":156,"width":48,"height":36,"pixelRatio":2,"sdf":false},"Samferdsel/Nserie/Vegnummer Fylkesveg/3":{"x":0,"y":156,"width":48,"height":36,"pixelRatio":2,"sdf":false},"Samferdsel/Nserie/Tunnel/Vegnummer Fylkesveg/3":{"x":0,"y":156,"width":48,"height":36,"pixelRatio":2,"sdf":false},"Samferdsel/Nserie/Vegnummer Riksveg/2":{"x":48,"y":156,"width":40,"height":36,"pixelRatio":2,"sdf":false},"Samferdsel/Nserie/Bru/Vegnummer Europaveg/2":{"x":48,"y":156,"width":40,"height":36,"pixelRatio":2,"sdf":false},"Samferdsel/Nserie/Bru/Vegnummer Riksveg/2":{"x":48,"y":156,"width":40,"height":36,"pixelRatio":2,"sdf":false},"Samferdsel/Nserie/Vegnummer Europaveg/2":{"x":48,"y":156,"width":40,"height":36,"pixelRatio":2,"sdf":false},"Samferdsel/Nserie/Tunnel/Vegnummer Europaveg/2":{"x":48,"y":156,"width":40,"height":36,"pixelRatio":2,"sdf":false},"Samferdsel/Nserie/Tunnel/Vegnummer Riksveg/2":{"x":48,"y":156,"width":40,"height":36,"pixelRatio":2,"sdf":false},"Samferdsel/Nserie/Bru/Vegnummer Fylkesveg/2":{"x":88,"y":156,"width":40,"height":36,"pixelRatio":2,"sdf":false},"Samferdsel/Nserie/Vegnummer Fylkesveg/2":{"x":88,"y":156,"width":40,"height":36,"pixelRatio":2,"sdf":false},"Samferdsel/Nserie/Tunnel/Vegnummer Fylkesveg/2":{"x":88,"y":156,"width":40,"height":36,"pixelRatio":2,"sdf":false},"Bygg og anlegg/Nserie punkt/Fyr":{"x":128,"y":156,"width":36,"height":36,"pixelRatio":2,"sdf":false},"Areal/Punkt/Helikopterplass":{"x":164,"y":156,"width":32,"height":32,"pixelRatio":2,"sdf":false},"Bygg og anlegg/Nserie punkt/Kraftstasjon":{"x":196,"y":156,"width":28,"height":28,"pixelRatio":2,"sdf":false},"Bygg og anlegg/Nserie punkt/Kirke":{"x":224,"y":156,"width":28,"height":28,"pixelRatio":2,"sdf":false},"Areal/Punkt/Steinbrudd":{"x":252,"y":156,"width":32,"height":28,"pixelRatio":2,"sdf":false},"Bygg og anlegg/Nserie punkt/Gruve":{"x":284,"y":156,"width":28,"height":28,"pixelRatio":2,"sdf":false},"Bygg og anlegg/Nserie punkt/Campingplass":{"x":312,"y":156,"width":40,"height":28,"pixelRatio":2,"sdf":false},"Areal/Punkt/Flyplass":{"x":352,"y":156,"width":28,"height":28,"pixelRatio":2,"sdf":false},"Bygg og anlegg/Nserie punkt/Tårn":{"x":380,"y":156,"width":28,"height":28,"pixelRatio":2,"sdf":false},"Bygg og anlegg/Nserie punkt/Telemast":{"x":408,"y":156,"width":28,"height":28,"pixelRatio":2,"sdf":false},"Bygg og anlegg/Nserie punkt/Monument":{"x":436,"y":156,"width":20,"height":24,"pixelRatio":2,"sdf":false},"Areal/Punkt/Skjær":{"x":456,"y":156,"width":24,"height":24,"pixelRatio":2,"sdf":false},"Bygg og anlegg/Nserie linje/Steingjerde":{"x":0,"y":192,"width":20,"height":20,"pixelRatio":2,"sdf":false},"Navn/Byer/250 - 500 000":{"x":20,"y":192,"width":20,"height":20,"pixelRatio":2,"sdf":false},"Bygg og anlegg/FKB linje/Steingjerde":{"x":40,"y":192,"width":20,"height":20,"pixelRatio":2,"sdf":false},"Navn/Byer/100 - 250 000":{"x":60,"y":192,"width":20,"height":20,"pixelRatio":2,"sdf":false},"Areal/Punkt/Industriområde":{"x":80,"y":192,"width":24,"height":20,"pixelRatio":2,"sdf":false},"Bygg og anlegg/Nserie punkt/Naust":{"x":104,"y":192,"width":20,"height":20,"pixelRatio":2,"sdf":false},"Bygg og anlegg/Nserie punkt/Gård":{"x":124,"y":192,"width":16,"height":16,"pixelRatio":2,"sdf":false},"Navn/Byer/50 - 100 000":{"x":140,"y":192,"width":16,"height":16,"pixelRatio":2,"sdf":false},"Bygg og anlegg/Nserie punkt/Spesiell detalj":{"x":156,"y":192,"width":12,"height":12,"pixelRatio":2,"sdf":false},"Bygg og anlegg/Nserie punkt/Veksthus":{"x":168,"y":192,"width":12,"height":12,"pixelRatio":2,"sdf":false},"Bygg og anlegg/Nserie punkt/Hotell | Hytte":{"x":180,"y":192,"width":12,"height":12,"pixelRatio":2,"sdf":false},"Navn/Byer/0 - 50 000":{"x":192,"y":192,"width":12,"height":12,"pixelRatio":2,"sdf":false},"Bygg og anlegg/Nserie punkt/Parkeringsområde":{"x":204,"y":192,"width":12,"height":12,"pixelRatio":2,"sdf":false},"Bygg og anlegg/Nserie punkt/Navigasjonsinstallasjon":{"x":216,"y":192,"width":12,"height":12,"pixelRatio":2,"sdf":false},"Bygg og anlegg/Nserie punkt/Diverse bygg":{"x":228,"y":192,"width":12,"height":12,"pixelRatio":2,"sdf":false},"Bygg og anlegg/Ledning punkt/<all other values>":{"x":240,"y":192,"width":12,"height":12,"pixelRatio":2,"sdf":false},"Bygg og anlegg/VA punkt/<all other values>":{"x":252,"y":192,"width":12,"height":12,"pixelRatio":2,"sdf":false},"Bygg og anlegg/FKB punkt/<all other values>":{"x":264,"y":192,"width":12,"height":12,"pixelRatio":2,"sdf":false},"Areal/FKB/Torvtak/1":{"x":276,"y":192,"width":12,"height":8,"pixelRatio":2,"sdf":false},"Areal/FKB/Steinbrudd/1":{"x":288,"y":192,"width":12,"height":8,"pixelRatio":2,"sdf":false},"Navn/Høydepunkt/Bre":{"x":300,"y":192,"width":8,"height":8,"pixelRatio":2,"sdf":false},"Areal/FKB/Grustak/1":{"x":308,"y":192,"width":12,"height":8,"pixelRatio":2,"sdf":false},"Areal/FKB/Leirtak/1":{"x":320,"y":192,"width":12,"height":8,"pixelRatio":2,"sdf":false},"Navn/Høydepunkt/Terreng":{"x":332,"y":192,"width":8,"height":8,"pixelRatio":2,"sdf":false},"Bygg og anlegg/Nserie linje/Reingjerde/0":{"x":340,"y":192,"width":16,"height":8,"pixelRatio":2,"sdf":false},"Areal/Nserie/Steinbrudd/1":{"x":356,"y":192,"width":12,"height":8,"pixelRatio":2,"sdf":false},"Areal/FKB/Steintipp/0":{"x":368,"y":192,"width":6,"height":6,"pixelRatio":2,"sdf":false},"Areal/Nserie/Steintipp/0":{"x":374,"y":192,"width":6,"height":6,"pixelRatio":2,"sdf":false}}