{"version":8,"sprite":"../sprites/sprite","glyphs":"../fonts/{fontstack}/{range}.pbf","sources":{"esri":{"type":"vector","url":"../../"}},"layers":[{"id":"Hoydekurver/1m/Bruddlinje","type":"line","source":"esri","source-layer":"1m","filter":["==","_symbol",0],"minzoom":16.53,"layout":{"line-cap":"round","line-join":"round"},"paint":{"line-color":"#D6BC87","line-width":0.377952}},{"id":"Hoydekurver/1m/Dybdekurve","type":"line","source":"esri","source-layer":"1m","filter":["==","_symbol",1],"minzoom":16.53,"layout":{"line-cap":"round","line-join":"round"},"paint":{"line-color":"#73DFFF","line-width":0.266667}},{"id":"Hoydekurver/1m/Forsenkningskurve terreng/1","type":"symbol","source":"esri","source-layer":"1m","filter":["==","_symbol",2],"minzoom":16.53,"layout":{"symbol-placement":"line","icon-image":"Hoydekurver/1m/Forsenkningskurve terreng/1","icon-rotate":-90,"symbol-spacing":12,"icon-offset":[0,-1.13386],"icon-rotation-alignment":"map","icon-allow-overlap":true},"paint":{"icon-color":"#D6BC87"}},{"id":"Hoydekurver/1m/Forsenkningskurve terreng/0","type":"line","source":"esri","source-layer":"1m","filter":["==","_symbol",2],"minzoom":16.53,"layout":{},"paint":{"line-color":"#D6BC87","line-width":0.377952}},{"id":"Hoydekurver/1m/Fyllingkant","type":"line","source":"esri","source-layer":"1m","filter":["==","_symbol",3],"minzoom":16.53,"layout":{"line-cap":"round","line-join":"round"},"paint":{"line-color":"#D6BC87","line-width":0.377952}},{"id":"Hoydekurver/1m/Hjelpekurve bre","type":"line","source":"esri","source-layer":"1m","filter":["==","_symbol",4],"minzoom":16.53,"layout":{},"paint":{"line-color":"#80E6FF","line-dasharray":[21.1667,10.5834],"line-width":0.377952}},{"id":"Hoydekurver/1m/Hjelpekurve terreng","type":"line","source":"esri","source-layer":"1m","filter":["==","_symbol",5],"minzoom":16.53,"layout":{},"paint":{"line-color":"#D6BC87","line-dasharray":[21.1667,10.5834],"line-width":0.377952}},{"id":"Hoydekurver/1m/Høydekurve bre","type":"line","source":"esri","source-layer":"1m","filter":["==","_symbol",6],"minzoom":16.53,"layout":{"line-cap":"round","line-join":"round"},"paint":{"line-color":"#87EBFF","line-width":0.377952}},{"id":"Hoydekurver/1m/Høydekurve terreng","type":"line","source":"esri","source-layer":"1m","filter":["==","_symbol",7],"minzoom":16.53,"layout":{"line-cap":"round","line-join":"round"},"paint":{"line-color":"#D6BC87","line-width":0.377952}},{"id":"Hoydekurver/1m/Skjæringkant","type":"line","source":"esri","source-layer":"1m","filter":["==","_symbol",8],"minzoom":16.53,"layout":{"line-cap":"round","line-join":"round"},"paint":{"line-color":"#D6BC87","line-width":0.377952}},{"id":"Hoydekurver/1m/Tellekurve bre","type":"line","source":"esri","source-layer":"1m","filter":["==","_symbol",9],"minzoom":16.53,"layout":{"line-cap":"round","line-join":"round"},"paint":{"line-color":"#87EBFF","line-width":0.755904}},{"id":"Hoydekurver/1m/Tellekurve forsenkning bre/1","type":"symbol","source":"esri","source-layer":"1m","filter":["==","_symbol",10],"minzoom":16.53,"layout":{"symbol-placement":"line","icon-image":"Hoydekurver/1m/Tellekurve forsenkning bre/1","icon-rotate":-90,"symbol-spacing":12,"icon-offset":[0,-1.13386],"icon-rotation-alignment":"map","icon-allow-overlap":true},"paint":{"icon-color":"#87EBFF"}},{"id":"Hoydekurver/1m/Tellekurve forsenkning bre/0","type":"line","source":"esri","source-layer":"1m","filter":["==","_symbol",10],"minzoom":16.53,"layout":{},"paint":{"line-color":"#87EBFF","line-width":0.755904}},{"id":"Hoydekurver/1m/Tellekurve forsenkning terreng/1","type":"symbol","source":"esri","source-layer":"1m","filter":["==","_symbol",11],"minzoom":16.53,"layout":{"symbol-placement":"line","icon-image":"Hoydekurver/1m/Tellekurve forsenkning terreng/1","icon-rotate":-90,"symbol-spacing":12,"icon-offset":[0,-1.13386],"icon-rotation-alignment":"map","icon-allow-overlap":true},"paint":{"icon-color":"#CCA352"}},{"id":"Hoydekurver/1m/Tellekurve forsenkning terreng/0","type":"line","source":"esri","source-layer":"1m","filter":["==","_symbol",11],"minzoom":16.53,"layout":{},"paint":{"line-color":"#CCA352","line-width":0.94488}},{"id":"Hoydekurver/1m/Tellekurve terreng","type":"line","source":"esri","source-layer":"1m","filter":["==","_symbol",12],"minzoom":16.53,"layout":{"line-cap":"round","line-join":"round"},"paint":{"line-color":"#D6BC87","line-width":0.377952}},{"id":"Hoydekurver/1m/Terrenglinje","type":"line","source":"esri","source-layer":"1m","filter":["==","_symbol",13],"minzoom":16.53,"layout":{"line-cap":"round","line-join":"round"},"paint":{"line-color":"#D6BC87","line-width":0.377952}},{"id":"Hoydekurver/1m/Terrenglinje veg","type":"line","source":"esri","source-layer":"1m","filter":["==","_symbol",14],"minzoom":16.53,"layout":{"line-cap":"round","line-join":"round"},"paint":{"line-color":"#D6BC87","line-width":0.377952}},{"id":"Hoydekurver/1m/Tellekurve terreng","type":"line","source":"esri","source-layer":"1m","filter":["==","_symbol",15],"minzoom":16.53,"layout":{"line-cap":"round","line-join":"round"},"paint":{"line-color":"#D6BC87","line-width":0.944933}},{"id":"Hoydekurver/1m/Tellekurve 10m bre","type":"line","source":"esri","source-layer":"1m","filter":["==","_symbol",16],"minzoom":16.53,"layout":{"line-cap":"round","line-join":"round"},"paint":{"line-color":"#87EBFF","line-width":0.76}},{"id":"Hoydekurver/1m/Forsenkningskurve terreng/1","type":"symbol","source":"esri","source-layer":"1m","filter":["==","_symbol",17],"minzoom":16.53,"layout":{"symbol-placement":"line","icon-image":"Hoydekurver/1m/Forsenkningskurve terreng/1","icon-rotate":-90,"symbol-spacing":12,"icon-offset":[0,-1.13386],"icon-rotation-alignment":"map","icon-allow-overlap":true},"paint":{"icon-color":"#D6BC87"}},{"id":"Hoydekurver/1m/Forsenkningskurve terreng/0","type":"line","source":"esri","source-layer":"1m","filter":["==","_symbol",17],"minzoom":16.53,"layout":{},"paint":{"line-color":"#D6BC87","line-width":0.377952}},{"id":"Hoydekurver/5m/Tellekurve bre","type":"line","source":"esri","source-layer":"5m","filter":["==","_symbol",0],"minzoom":14.53,"maxzoom":16.53,"layout":{"line-cap":"round","line-join":"round"},"paint":{"line-color":"#87EBFF","line-width":0.76}},{"id":"Hoydekurver/5m/Høydekurve bre","type":"line","source":"esri","source-layer":"5m","filter":["==","_symbol",1],"minzoom":14.53,"maxzoom":16.53,"layout":{"line-cap":"round","line-join":"round"},"paint":{"line-color":"#87EBFF","line-width":0.377952}},{"id":"Hoydekurver/5m/Tellekurve terreng","type":"line","source":"esri","source-layer":"5m","filter":["==","_symbol",2],"minzoom":14.53,"maxzoom":16.53,"layout":{"line-cap":"round","line-join":"round"},"paint":{"line-color":"#D6BC87","line-width":0.94488}},{"id":"Hoydekurver/5m/Forsenkningskurve terreng/1","type":"symbol","source":"esri","source-layer":"5m","filter":["==","_symbol",3],"minzoom":14.53,"maxzoom":16.53,"layout":{"symbol-placement":"line","icon-image":"Hoydekurver/5m/Forsenkningskurve terreng/1","icon-rotate":-90,"symbol-spacing":12,"icon-offset":[0,-1.13386],"icon-rotation-alignment":"map","icon-allow-overlap":true},"paint":{"icon-color":"#D6BC87"}},{"id":"Hoydekurver/5m/Forsenkningskurve terreng/0","type":"line","source":"esri","source-layer":"5m","filter":["==","_symbol",3],"minzoom":14.53,"maxzoom":16.53,"layout":{},"paint":{"line-color":"#D6BC87","line-width":0.377952}},{"id":"Hoydekurver/5m/Høydekurve terreng","type":"line","source":"esri","source-layer":"5m","filter":["==","_symbol",4],"minzoom":14.53,"maxzoom":16.53,"layout":{"line-cap":"round","line-join":"round"},"paint":{"line-color":"#D6BC87","line-width":0.377952}},{"id":"Hoydekurver/10m/Tellekurve terreng","type":"line","source":"esri","source-layer":"10m","filter":["==","_symbol",0],"minzoom":11.53,"maxzoom":14.53,"layout":{"line-cap":"round","line-join":"round"},"paint":{"line-color":"#CCA352","line-width":0.94488}},{"id":"Hoydekurver/10m/Tellekurve forsenkning terreng/1","type":"symbol","source":"esri","source-layer":"10m","filter":["==","_symbol",1],"minzoom":11.53,"maxzoom":14.53,"layout":{"symbol-placement":"line","icon-image":"Hoydekurver/10m/Tellekurve forsenkning terreng/1","icon-rotate":-90,"symbol-spacing":12,"icon-offset":[0,-1.13386],"icon-rotation-alignment":"map","icon-allow-overlap":true},"paint":{"icon-color":"#CCA352"}},{"id":"Hoydekurver/10m/Tellekurve forsenkning terreng/0","type":"line","source":"esri","source-layer":"10m","filter":["==","_symbol",1],"minzoom":11.53,"maxzoom":14.53,"layout":{},"paint":{"line-color":"#CCA352","line-width":0.94488}},{"id":"Hoydekurver/10m/Høydekurve terreng","type":"line","source":"esri","source-layer":"10m","filter":["==","_symbol",2],"minzoom":11.53,"maxzoom":14.53,"layout":{"line-cap":"round","line-join":"round"},"paint":{"line-color":"#D6BC87","line-width":0.377952}},{"id":"Hoydekurver/10m/Forsenkningskurve terreng/1","type":"symbol","source":"esri","source-layer":"10m","filter":["==","_symbol",3],"minzoom":11.53,"maxzoom":14.53,"layout":{"symbol-placement":"line","icon-image":"Hoydekurver/10m/Forsenkningskurve terreng/1","icon-rotate":-90,"symbol-spacing":12,"icon-offset":[0,-1.13386],"icon-rotation-alignment":"map","icon-allow-overlap":true},"paint":{"icon-color":"#D6BC87"}},{"id":"Hoydekurver/10m/Forsenkningskurve terreng/0","type":"line","source":"esri","source-layer":"10m","filter":["==","_symbol",3],"minzoom":11.53,"maxzoom":14.53,"layout":{},"paint":{"line-color":"#D6BC87","line-width":0.377952}},{"id":"Hoydekurver/10m/Tellekurve bre","type":"line","source":"esri","source-layer":"10m","filter":["==","_symbol",4],"minzoom":11.53,"maxzoom":14.53,"layout":{"line-cap":"round","line-join":"round"},"paint":{"line-color":"#66D9FF","line-width":0.760061}},{"id":"Hoydekurver/10m/Tellekurve forsenkning bre/1","type":"symbol","source":"esri","source-layer":"10m","filter":["==","_symbol",5],"minzoom":11.53,"maxzoom":14.53,"layout":{"symbol-placement":"line","icon-image":"Hoydekurver/10m/Tellekurve forsenkning bre/1","icon-rotate":-90,"symbol-spacing":12,"icon-offset":[0,-1.13386],"icon-rotation-alignment":"map","icon-allow-overlap":true},"paint":{"icon-color":"#66D9FF"}},{"id":"Hoydekurver/10m/Tellekurve forsenkning bre/0","type":"line","source":"esri","source-layer":"10m","filter":["==","_symbol",5],"minzoom":11.53,"maxzoom":14.53,"layout":{},"paint":{"line-color":"#66D9FF","line-width":0.755904}},{"id":"Hoydekurver/10m/Forsenkningskurve bre/1","type":"symbol","source":"esri","source-layer":"10m","filter":["==","_symbol",6],"minzoom":11.53,"maxzoom":14.53,"layout":{"symbol-placement":"line","icon-image":"Hoydekurver/10m/Forsenkningskurve bre/1","icon-rotate":-90,"symbol-spacing":12,"icon-offset":[0,-1.13386],"icon-rotation-alignment":"map","icon-allow-overlap":true},"paint":{"icon-color":"#87EBFF"}},{"id":"Hoydekurver/10m/Forsenkningskurve bre/0","type":"line","source":"esri","source-layer":"10m","filter":["==","_symbol",6],"minzoom":11.53,"maxzoom":14.53,"layout":{},"paint":{"line-color":"#87EBFF","line-width":0.378}},{"id":"Hoydekurver/10m/Høydekurve bre","type":"line","source":"esri","source-layer":"10m","filter":["==","_symbol",7],"minzoom":11.53,"maxzoom":14.53,"layout":{"line-cap":"round","line-join":"round"},"paint":{"line-color":"#87EBFF","line-width":0.377952}},{"id":"Hoydekurver/25m/Forsenkningskurve bre/1","type":"symbol","source":"esri","source-layer":"25m","filter":["==","_symbol",0],"minzoom":10.53,"maxzoom":11.53,"layout":{"symbol-placement":"line","icon-image":"Hoydekurver/25m/Forsenkningskurve bre/1","icon-rotate":-90,"symbol-spacing":12,"icon-offset":[0,-1.13386],"icon-rotation-alignment":"map","icon-allow-overlap":true},"paint":{"icon-color":"#87EBFF"}},{"id":"Hoydekurver/25m/Forsenkningskurve bre/0","type":"line","source":"esri","source-layer":"25m","filter":["==","_symbol",0],"minzoom":10.53,"maxzoom":11.53,"layout":{},"paint":{"line-color":"#87EBFF","line-width":0.377952}},{"id":"Hoydekurver/25m/Forsenkningskurve terreng/1","type":"symbol","source":"esri","source-layer":"25m","filter":["==","_symbol",1],"minzoom":10.53,"maxzoom":11.53,"layout":{"symbol-placement":"line","icon-image":"Hoydekurver/25m/Forsenkningskurve terreng/1","icon-rotate":-90,"symbol-spacing":12,"icon-offset":[0,-1.13386],"icon-rotation-alignment":"map","icon-allow-overlap":true},"paint":{"icon-color":"#D6BC87"}},{"id":"Hoydekurver/25m/Forsenkningskurve terreng/0","type":"line","source":"esri","source-layer":"25m","filter":["==","_symbol",1],"minzoom":10.53,"maxzoom":11.53,"layout":{},"paint":{"line-color":"#D6BC87","line-width":0.377952}},{"id":"Hoydekurver/25m/Hjelpekurve bre","type":"line","source":"esri","source-layer":"25m","filter":["==","_symbol",2],"minzoom":10.53,"maxzoom":11.53,"layout":{},"paint":{"line-color":"#80E6FF","line-dasharray":[21.1667,10.5834],"line-width":0.377952}},{"id":"Hoydekurver/25m/Hjelpekurve terreng","type":"line","source":"esri","source-layer":"25m","filter":["==","_symbol",3],"minzoom":10.53,"maxzoom":11.53,"layout":{},"paint":{"line-color":"#D6BC87","line-dasharray":[21.1667,10.5834],"line-width":0.377952}},{"id":"Hoydekurver/25m/Høydekurve bre","type":"line","source":"esri","source-layer":"25m","filter":["==","_symbol",4],"minzoom":10.53,"maxzoom":11.53,"layout":{"line-cap":"round","line-join":"round"},"paint":{"line-color":"#87EBFF","line-width":0.377952}},{"id":"Hoydekurver/25m/Høydekurve terreng","type":"line","source":"esri","source-layer":"25m","filter":["==","_symbol",5],"minzoom":10.53,"maxzoom":11.53,"layout":{"line-cap":"round","line-join":"round"},"paint":{"line-color":"#D6BC87","line-width":0.377952}},{"id":"Hoydekurver/25m/Tellekurve bre","type":"line","source":"esri","source-layer":"25m","filter":["==","_symbol",6],"minzoom":10.53,"maxzoom":11.53,"layout":{"line-cap":"round","line-join":"round"},"paint":{"line-color":"#66D9FF","line-width":0.760061}},{"id":"Hoydekurver/25m/Tellekurve forsenkning bre/1","type":"symbol","source":"esri","source-layer":"25m","filter":["==","_symbol",7],"minzoom":10.53,"maxzoom":11.53,"layout":{"symbol-placement":"line","icon-image":"Hoydekurver/25m/Tellekurve forsenkning bre/1","icon-rotate":-90,"symbol-spacing":12,"icon-offset":[0,-1.13386],"icon-rotation-alignment":"map","icon-allow-overlap":true},"paint":{"icon-color":"#66D9FF"}},{"id":"Hoydekurver/25m/Tellekurve forsenkning bre/0","type":"line","source":"esri","source-layer":"25m","filter":["==","_symbol",7],"minzoom":10.53,"maxzoom":11.53,"layout":{},"paint":{"line-color":"#66D9FF","line-width":0.755904}},{"id":"Hoydekurver/25m/Tellekurve forsenkning terreng/1","type":"symbol","source":"esri","source-layer":"25m","filter":["==","_symbol",8],"minzoom":10.53,"maxzoom":11.53,"layout":{"symbol-placement":"line","icon-image":"Hoydekurver/25m/Tellekurve forsenkning terreng/1","icon-rotate":-90,"symbol-spacing":12,"icon-offset":[0,-1.13386],"icon-rotation-alignment":"map","icon-allow-overlap":true},"paint":{"icon-color":"#CCA352"}},{"id":"Hoydekurver/25m/Tellekurve forsenkning terreng/0","type":"line","source":"esri","source-layer":"25m","filter":["==","_symbol",8],"minzoom":10.53,"maxzoom":11.53,"layout":{},"paint":{"line-color":"#CCA352","line-width":0.94488}},{"id":"Hoydekurver/25m/Tellekurve terreng","type":"line","source":"esri","source-layer":"25m","filter":["==","_symbol",9],"minzoom":10.53,"maxzoom":11.53,"layout":{"line-cap":"round","line-join":"round"},"paint":{"line-color":"#CCA352","line-width":0.94488}},{"id":"Hoydekurver/50m/Tellekurve bre","type":"line","source":"esri","source-layer":"50m","filter":["==","_symbol",0],"minzoom":9.53,"maxzoom":10.53,"layout":{"line-cap":"round","line-join":"round"},"paint":{"line-color":"#66D9FF","line-width":0.760061}},{"id":"Hoydekurver/50m/Høydekurve bre","type":"line","source":"esri","source-layer":"50m","filter":["==","_symbol",1],"minzoom":9.53,"maxzoom":10.53,"layout":{"line-cap":"round","line-join":"round"},"paint":{"line-color":"#87EBFF","line-width":0.377952}},{"id":"Hoydekurver/50m/Tellekurve terreng","type":"line","source":"esri","source-layer":"50m","filter":["==","_symbol",2],"minzoom":9.53,"maxzoom":10.53,"layout":{"line-cap":"round","line-join":"round"},"paint":{"line-color":"#CCA352","line-width":0.94488}},{"id":"Hoydekurver/50m/Høydekurve terreng","type":"line","source":"esri","source-layer":"50m","filter":["==","_symbol",3],"minzoom":9.53,"maxzoom":10.53,"layout":{"line-cap":"round","line-join":"round"},"paint":{"line-color":"#D6BC87","line-width":0.377952}},{"id":"Hoydekurver/100m/Tellekurve bre","type":"line","source":"esri","source-layer":"100m","filter":["==","_symbol",0],"minzoom":8.53,"maxzoom":9.53,"layout":{"line-cap":"round","line-join":"round"},"paint":{"line-color":"#66D9FF","line-width":0.760061}},{"id":"Hoydekurver/100m/Høydekurve bre","type":"line","source":"esri","source-layer":"100m","filter":["==","_symbol",1],"minzoom":8.53,"maxzoom":9.53,"layout":{"line-cap":"round","line-join":"round"},"paint":{"line-color":"#87EBFF","line-width":0.377952}},{"id":"Hoydekurver/100m/Tellekurve terreng","type":"line","source":"esri","source-layer":"100m","filter":["==","_symbol",2],"minzoom":8.53,"maxzoom":9.53,"layout":{"line-cap":"round","line-join":"round"},"paint":{"line-color":"#CCA352","line-width":0.755904}},{"id":"Hoydekurver/100m/Høydekurve terreng","type":"line","source":"esri","source-layer":"100m","filter":["==","_symbol",3],"minzoom":8.53,"maxzoom":9.53,"layout":{"line-cap":"round","line-join":"round"},"paint":{"line-color":"#D6BC87","line-width":0.377952}},{"id":"Hoydekurver/400m/Høydekurve bre | Høydekurve bre 400mEkv","type":"line","source":"esri","source-layer":"400m","filter":["==","_symbol",0],"minzoom":7.53,"maxzoom":8.53,"layout":{"line-cap":"round","line-join":"round"},"paint":{"line-color":"#87EBFF","line-width":0.186667}},{"id":"Hoydekurver/400m/Høydekurve terreng | Høydekurve terreng 400mEkv","type":"line","source":"esri","source-layer":"400m","filter":["==","_symbol",1],"minzoom":7.53,"maxzoom":8.53,"layout":{"line-cap":"round","line-join":"round"},"paint":{"line-color":"#DBC597","line-width":0.186667}},{"id":"Hoydekurver/100m/label/Bre_fot","type":"symbol","source":"esri","source-layer":"100m/label","filter":["==","_label_class",3],"minzoom":8.53,"maxzoom":9.53,"layout":{"symbol-placement":"line","symbol-spacing":265,"text-font":["Arial Italic"],"text-size":8,"text-field":"{_name}","text-optional":true},"paint":{"text-color":"#0084A8","text-halo-color":"#FCFFFF","text-halo-width":1.6}},{"id":"Hoydekurver/100m/label/Bre","type":"symbol","source":"esri","source-layer":"100m/label","filter":["==","_label_class",1],"minzoom":8.53,"maxzoom":9.53,"layout":{"symbol-placement":"line","symbol-spacing":265,"text-font":["Arial Italic"],"text-size":8,"text-field":"{_name}","text-optional":true},"paint":{"text-color":"#0084A8","text-halo-color":"#FCFFFF","text-halo-width":1.6}},{"id":"Hoydekurver/100m/label/Terreng_fot","type":"symbol","source":"esri","source-layer":"100m/label","filter":["==","_label_class",2],"minzoom":8.53,"maxzoom":9.53,"layout":{"symbol-placement":"line","symbol-spacing":265,"text-font":["Arial Italic"],"text-size":8,"text-field":"{_name}","text-optional":true},"paint":{"text-color":"#A67340","text-halo-color":"#F5F0CF","text-halo-width":1.6}},{"id":"Hoydekurver/100m/label/Terreng","type":"symbol","source":"esri","source-layer":"100m/label","filter":["==","_label_class",0],"minzoom":8.53,"maxzoom":9.53,"layout":{"symbol-placement":"line","symbol-spacing":265,"text-font":["Arial Italic"],"text-size":8,"text-field":"{_name}","text-optional":true},"paint":{"text-color":"#A67340","text-halo-color":"#F5F0CF","text-halo-width":1.6}},{"id":"Hoydekurver/50m/label/Terreng_fot","type":"symbol","source":"esri","source-layer":"50m/label","filter":["==","_label_class",2],"minzoom":9.53,"maxzoom":10.53,"layout":{"symbol-placement":"line","symbol-spacing":265,"text-font":["Arial Italic"],"text-size":8,"text-field":"{_name}","text-optional":true},"paint":{"text-color":"#A67340","text-halo-color":"#F5F0CF","text-halo-width":1.6}},{"id":"Hoydekurver/50m/label/Terreng","type":"symbol","source":"esri","source-layer":"50m/label","filter":["==","_label_class",0],"minzoom":9.53,"maxzoom":10.53,"layout":{"symbol-placement":"line","symbol-spacing":265,"text-font":["Arial Italic"],"text-size":8,"text-field":"{_name}","text-optional":true},"paint":{"text-color":"#A67340","text-halo-color":"#F5F0CF","text-halo-width":1.6}},{"id":"Hoydekurver/50m/label/Bre_fot","type":"symbol","source":"esri","source-layer":"50m/label","filter":["==","_label_class",3],"minzoom":9.53,"maxzoom":10.53,"layout":{"symbol-placement":"line","symbol-spacing":265,"text-font":["Arial Italic"],"text-size":8,"text-field":"{_name}","text-optional":true},"paint":{"text-color":"#0084A8","text-halo-color":"#FCFFFF","text-halo-width":1.6}},{"id":"Hoydekurver/50m/label/Bre","type":"symbol","source":"esri","source-layer":"50m/label","filter":["==","_label_class",1],"minzoom":9.53,"maxzoom":10.53,"layout":{"symbol-placement":"line","symbol-spacing":265,"text-font":["Arial Italic"],"text-size":8,"text-field":"{_name}","text-optional":true},"paint":{"text-color":"#0084A8","text-halo-color":"#FCFFFF","text-halo-width":1.6}},{"id":"Hoydekurver/25m/label/Terreng_fot","type":"symbol","source":"esri","source-layer":"25m/label","filter":["==","_label_class",2],"minzoom":10.53,"maxzoom":11.53,"layout":{"symbol-placement":"line","symbol-spacing":265,"text-font":["Arial Italic"],"text-size":8,"text-field":"{_name}","text-optional":true},"paint":{"text-color":"#A67340","text-halo-color":"#F5F0CF","text-halo-width":1.6}},{"id":"Hoydekurver/25m/label/Terreng","type":"symbol","source":"esri","source-layer":"25m/label","filter":["==","_label_class",0],"minzoom":10.53,"maxzoom":11.53,"layout":{"symbol-placement":"line","symbol-spacing":265,"text-font":["Arial Italic"],"text-size":8,"text-field":"{_name}","text-optional":true},"paint":{"text-color":"#A67340","text-halo-color":"#F5F0CF","text-halo-width":1.6}},{"id":"Hoydekurver/25m/label/Bre_fot","type":"symbol","source":"esri","source-layer":"25m/label","filter":["==","_label_class",3],"minzoom":10.53,"maxzoom":11.53,"layout":{"symbol-placement":"line","symbol-spacing":265,"text-font":["Arial Italic"],"text-size":8,"text-field":"{_name}","text-optional":true},"paint":{"text-color":"#0084A8","text-halo-color":"#FCFFFF","text-halo-width":1.6}},{"id":"Hoydekurver/25m/label/Bre","type":"symbol","source":"esri","source-layer":"25m/label","filter":["==","_label_class",1],"minzoom":10.53,"maxzoom":11.53,"layout":{"symbol-placement":"line","symbol-spacing":265,"text-font":["Arial Italic"],"text-size":8,"text-field":"{_name}","text-optional":true},"paint":{"text-color":"#0084A8","text-halo-color":"#FCFFFF","text-halo-width":1.6}},{"id":"Hoydekurver/1m/label/Bre_fot","type":"symbol","source":"esri","source-layer":"1m/label","filter":["==","_label_class",3],"minzoom":16.53,"layout":{"symbol-placement":"line","symbol-spacing":302,"text-font":["Arial Italic"],"text-size":9.33333,"text-field":"{_name}","text-optional":true},"paint":{"text-color":"#0084A8","text-halo-color":"#FCFFFF","text-halo-width":1.6}},{"id":"Hoydekurver/1m/label/Bre","type":"symbol","source":"esri","source-layer":"1m/label","filter":["==","_label_class",1],"minzoom":16.53,"layout":{"symbol-placement":"line","symbol-spacing":302,"text-font":["Arial Italic"],"text-size":9.33333,"text-field":"{_name}","text-optional":true},"paint":{"text-color":"#0084A8","text-halo-color":"#FCFFFF","text-halo-width":1.6}},{"id":"Hoydekurver/1m/label/Terreng_fot","type":"symbol","source":"esri","source-layer":"1m/label","filter":["==","_label_class",2],"minzoom":16.53,"layout":{"symbol-placement":"line","symbol-spacing":302,"text-font":["Arial Italic"],"text-size":9.33333,"text-field":"{_name}","text-optional":true},"paint":{"text-color":"#A67340","text-halo-color":"#F5F0CF","text-halo-width":1.6}},{"id":"Hoydekurver/1m/label/Terreng","type":"symbol","source":"esri","source-layer":"1m/label","filter":["==","_label_class",0],"minzoom":16.53,"layout":{"symbol-placement":"line","symbol-spacing":302,"text-font":["Arial Italic"],"text-size":9.33333,"text-field":"{_name}","text-optional":true},"paint":{"text-color":"#A67340","text-halo-color":"#F5F0CF","text-halo-width":1.6}},{"id":"Hoydekurver/5m/label/Terreng_fot","type":"symbol","source":"esri","source-layer":"5m/label","filter":["==","_label_class",2],"minzoom":14.53,"maxzoom":16.53,"layout":{"symbol-placement":"line","symbol-spacing":302,"text-font":["Arial Italic"],"text-size":9.33333,"text-field":"{_name}","text-optional":true},"paint":{"text-color":"#A67340","text-halo-color":"#F5F0CF","text-halo-width":1.6}},{"id":"Hoydekurver/5m/label/Terreng","type":"symbol","source":"esri","source-layer":"5m/label","filter":["==","_label_class",0],"minzoom":14.53,"maxzoom":16.53,"layout":{"symbol-placement":"line","symbol-spacing":302,"text-font":["Arial Italic"],"text-size":9.33333,"text-field":"{_name}","text-optional":true},"paint":{"text-color":"#A67340","text-halo-color":"#F5F0CF","text-halo-width":1.6}},{"id":"Hoydekurver/5m/label/Bre_fot","type":"symbol","source":"esri","source-layer":"5m/label","filter":["==","_label_class",3],"minzoom":14.53,"maxzoom":16.53,"layout":{"symbol-placement":"line","symbol-spacing":302,"text-font":["Arial Italic"],"text-size":9.33333,"text-field":"{_name}","text-optional":true},"paint":{"text-color":"#0084A8","text-halo-color":"#FCFFFF","text-halo-width":1.6}},{"id":"Hoydekurver/5m/label/Bre","type":"symbol","source":"esri","source-layer":"5m/label","filter":["==","_label_class",1],"minzoom":14.53,"maxzoom":16.53,"layout":{"symbol-placement":"line","symbol-spacing":302,"text-font":["Arial Italic"],"text-size":9.33333,"text-field":"{_name}","text-optional":true},"paint":{"text-color":"#0084A8","text-halo-color":"#FCFFFF","text-halo-width":1.6}},{"id":"Hoydekurver/10m/label/Terreng_fot","type":"symbol","source":"esri","source-layer":"10m/label","filter":["==","_label_class",2],"minzoom":11.53,"maxzoom":14.53,"layout":{"symbol-placement":"line","symbol-spacing":265,"text-font":["Arial Italic"],"text-size":8,"text-field":"{_name}","text-optional":true},"paint":{"text-color":"#A67340","text-halo-color":"#F5F0CF","text-halo-width":1.6}},{"id":"Hoydekurver/10m/label/Terreng","type":"symbol","source":"esri","source-layer":"10m/label","filter":["==","_label_class",0],"minzoom":11.53,"maxzoom":14.53,"layout":{"symbol-placement":"line","symbol-spacing":265,"text-font":["Arial Italic"],"text-size":8,"text-field":"{_name}","text-optional":true},"paint":{"text-color":"#A67340","text-halo-color":"#F5F0CF","text-halo-width":1.6}},{"id":"Hoydekurver/10m/label/Bre_fot","type":"symbol","source":"esri","source-layer":"10m/label","filter":["==","_label_class",3],"minzoom":11.53,"maxzoom":14.53,"layout":{"symbol-placement":"line","symbol-spacing":265,"text-font":["Arial Italic"],"text-size":8,"text-field":"{_name}","text-optional":true},"paint":{"text-color":"#0084A8","text-halo-color":"#FCFFFF","text-halo-width":1.6}},{"id":"Hoydekurver/10m/label/Bre","type":"symbol","source":"esri","source-layer":"10m/label","filter":["==","_label_class",1],"minzoom":11.53,"maxzoom":14.53,"layout":{"symbol-placement":"line","symbol-spacing":265,"text-font":["Arial Italic"],"text-size":8,"text-field":"{_name}","text-optional":true},"paint":{"text-color":"#0084A8","text-halo-color":"#FCFFFF","text-halo-width":1.6}}]}